Official_Name_English,ISO3166_1_Alpha_2,ISO3166_1_Alpha_3,ISO3166_1_Numeric_Code,ISO4217_Currency_Alphabetic_Code,ISO4217_Currency_Country_Name,ISO4217_Currency_Minor_Unit,ISO4217_Currency_Name,ISO4217_Currency_Numeric_Code,M49,UN_Term_English_Formal,UN_Term_English_Short,CLDR_Display_Name,Capital,Continent,Distinguishing_Signs_DS,Developed_And_Developing_Countries,Dial,Electronic_Data_Gathering_Analysis_And_Retrieval_EDGAR,Federation_Internationale_De_Football_Association_FIFA,Federal_Information_Processing_Standard_FIPS,Global_Administrative_Unit_Layers_GAUL,Geographic_Name_ID,Is_Global_Code,International_Olympics_Committee_IOC,International_Telecommunications_Union_ITU,Intermediate_Region_Code,Intermediate_Region_Name,Is_Land_Locked_Developing_Countries_LLDC,Languages,Is_Least_Developed_Countries_LDC,Machine_Readable_Cataloging_MARC,Region_Code,Region_Name,Is_Small_Island_Developing_States_SIDS,Sub_Region_Code,Sub_Region_Name,Top_Level_Domain_TLD,World_Meteorological_Organization_WMO,Is_Independent
Afghanistan,AF,AFG,4,AFN,AFGHANISTAN,2,Afghani,971,4,the Islamic Republic of Afghanistan,Afghanistan,Afghanistan,Kabul,AS,AFG,Developing,93,B2,AFG,AF,1,1149361,true,AFG,AFG,,,true,"fa-AF,ps,uz-AF,tk",true,af,142,Asia,,34,Southern Asia,.af,AF,Yes
Albania,AL,ALB,8,ALL,ALBANIA,2,Lek,8,8,the Republic of Albania,Albania,Albania,Tirana,EU,AL,Developed,355,B3,ALB,AL,3,783754,true,ALB,ALB,,,,"sq,el",,aa,150,Europe,,39,Southern Europe,.al,AB,Yes
Algeria,DZ,DZA,12,DZD,ALGERIA,2,Algerian Dinar,12,12,the People's Democratic Republic of Algeria,Algeria,Algeria,Algiers,AF,DZ,Developing,213,B4,ALG,AG,4,2589581,true,ALG,ALG,,,,ar-DZ,,ae,2,Africa,,15,Northern Africa,.dz,AL,Yes
American Samoa,AS,ASM,16,USD,AMERICAN SAMOA,2,US Dollar,840,16,,,American Samoa,Pago Pago,OC,USA,Developing,1-684,B5,ASA,AQ,5,5880801,true,ASA,SMA,,,,"en-AS,sm,to",,as,9,Oceania,true,61,Polynesia,.as,,Territory of US
Andorra,AD,AND,20,EUR,ANDORRA,2,Euro,978,20,the Principality of Andorra,Andorra,Andorra,Andorra la Vella,EU,AND,Developed,376,B6,AND,AN,7,3041565,true,AND,AND,,,,ca,,an,150,Europe,,39,Southern Europe,.ad,,Yes
Angola,AO,AGO,24,AOA,ANGOLA,2,Kwanza,973,24,the Republic of Angola,Angola,Angola,Luanda,AF,AO,Developing,244,B7,ANG,AO,8,3351879,true,ANG,AGL,17,Middle Africa,,pt-AO,true,ao,2,Africa,,202,Sub-Saharan Africa,.ao,AN,Yes
Anguilla,AI,AIA,660,XCD,ANGUILLA,2,East Caribbean Dollar,951,660,,,Anguilla,The Valley,NA,,Developing,1-264,1A,AIA,AV,9,3573511,true,AIA,AIA,29,Caribbean,,en-AI,,am,19,Americas,true,419,Latin America and the Caribbean,.ai,,Territory of GB
Antarctica,AQ,ATA,10,,ANTARCTICA,,No universal currency,,10,,,Antarctica,,AN,,,672,B8,ROS,AY,10,6697173,true,,,,,,,,ay,,,,,,.aq,AA,International
Antigua and Barbuda,AG,ATG,28,XCD,ANTIGUA AND BARBUDA,2,East Caribbean Dollar,951,28,Antigua and Barbuda,Antigua and Barbuda,Antigua & Barbuda,St. John's,NA,,Developing,1-268,B9,ATG,AC,11,3576396,true,ANT,ATG,29,Caribbean,,en-AG,,aq,19,Americas,true,419,Latin America and the Caribbean,.ag,AT,Yes
Argentina,AR,ARG,32,ARS,ARGENTINA,2,Argentine Peso,32,32,the Argentine Republic,Argentina,Argentina,Buenos Aires,SA,RA,Developing,54,C1,ARG,AR,12,3865483,true,ARG,ARG,5,South America,,"es-AR,en,it,de,fr,gn",,ag,19,Americas,,419,Latin America and the Caribbean,.ar,AG,Yes
Armenia,AM,ARM,51,AMD,ARMENIA,2,Armenian Dram,51,51,the Republic of Armenia,Armenia,Armenia,Yerevan,AS,AM,Developing,374,1B,ARM,AM,13,174982,true,ARM,ARM,,,true,hy,,ai,142,Asia,,145,Western Asia,.am,AY,Yes
Aruba,AW,ABW,533,AWG,ARUBA,2,Aruban Florin,533,533,,,Aruba,Oranjestad,NA,AW,Developing,297,1C,ARU,AA,14,3577279,true,ARU,ABW,29,Caribbean,,"nl-AW,es,en",,aw,19,Americas,true,419,Latin America and the Caribbean,.aw,NU,Part of NL
Australia,AU,AUS,36,AUD,AUSTRALIA,2,Australian Dollar,36,36,Australia,Australia,Australia,Canberra,OC,AUS,Developed,61,C3,AUS,AS,17,2077456,true,AUS,AUS,,,,en-AU,,at,9,Oceania,,53,Australia and New Zealand,.au,AU,Yes
Austria,AT,AUT,40,EUR,AUSTRIA,2,Euro,978,40,the Republic of Austria,Austria,Austria,Vienna,EU,A,Developed,43,C4,AUT,AU,18,2782113,true,AUT,AUT,,,,"de-AT,hr,hu,sl",,au,150,Europe,,155,Western Europe,.at,OS,Yes
Azerbaijan,AZ,AZE,31,AZN,AZERBAIJAN,2,Azerbaijan Manat,944,31,the Republic of Azerbaijan,Azerbaijan,Azerbaijan,Baku,AS,AZ,Developing,994,1D,AZE,AJ,19,587116,true,AZE,AZE,,,true,"az,ru,hy",,aj,142,Asia,,145,Western Asia,.az,AJ,Yes
Bahamas,BS,BHS,44,BSD,BAHAMAS,2,Bahamian Dollar,44,44,the Commonwealth of the Bahamas,Bahamas (the),Bahamas,Nassau,NA,BS,Developing,1-242,C5,BAH,BF,20,3572887,true,BAH,BAH,29,Caribbean,,en-BS,,bf,19,Americas,true,419,Latin America and the Caribbean,.bs,BA,Yes
Bahrain,BH,BHR,48,BHD,BAHRAIN,3,Bahraini Dinar,48,48,the Kingdom of Bahrain,Bahrain,Bahrain,Manama,AS,BRN,Developing,973,C6,BHR,BA,21,290291,true,BRN,BHR,,,,"ar-BH,en,fa,ur",,ba,142,Asia,,145,Western Asia,.bh,BN,Yes
Bangladesh,BD,BGD,50,BDT,BANGLADESH,2,Taka,50,50,the People's Republic of Bangladesh,Bangladesh,Bangladesh,Dhaka,AS,BD,Developing,880,C7,BAN,BG,23,1210997,true,BAN,BGD,,,,"bn-BD,en",true,bg,142,Asia,,34,Southern Asia,.bd,BW,Yes
Barbados,BB,BRB,52,BBD,BARBADOS,2,Barbados Dollar,52,52,Barbados,Barbados,Barbados,Bridgetown,NA,BDS,Developing,1-246,C8,BRB,BB,24,3374084,true,BAR,BRB,29,Caribbean,,en-BB,,bb,19,Americas,true,419,Latin America and the Caribbean,.bb,BR,Yes
Belarus,BY,BLR,112,BYN,BELARUS,2,Belarusian Ruble,933,112,the Republic of Belarus,Belarus,Belarus,Minsk,EU,BY,Developed,375,1F,BLR,BO,26,630336,true,BLR,BLR,,,,"be,ru",,bw,150,Europe,,151,Eastern Europe,.by,BY,Yes
Belgium,BE,BEL,56,EUR,BELGIUM,2,Euro,978,56,the Kingdom of Belgium,Belgium,Belgium,Brussels,EU,B,Developed,32,C9,BEL,BE,27,2802361,true,BEL,BEL,,,,"nl-BE,fr-BE,de-BE",,be,150,Europe,,155,Western Europe,.be,BX,Yes
Belize,BZ,BLZ,84,BZD,BELIZE,2,Belize Dollar,84,84,Belize,Belize,Belize,Belmopan,NA,BH,Developing,501,D1,BLZ,BH,28,3582678,true,BIZ,BLZ,13,Central America,,"en-BZ,es",,bh,19,Americas,true,419,Latin America and the Caribbean,.bz,BH,Yes
Benin,BJ,BEN,204,XOF,BENIN,0,CFA Franc BCEAO,952,204,the Republic of Benin,Benin,Benin,Porto-Novo,AF,DY,Developing,229,G6,BEN,BN,29,2395170,true,BEN,BEN,11,Western Africa,,fr-BJ,true,dm,2,Africa,,202,Sub-Saharan Africa,.bj,BJ,Yes
Bermuda,BM,BMU,60,BMD,BERMUDA,2,Bermudian Dollar,60,60,,,Bermuda,Hamilton,NA,BM,Developed,1-441,D0,BER,BD,30,3573345,true,BER,BER,,,,"en-BM,pt",,bm,19,Americas,,21,Northern America,.bm,BE,Territory of GB
Bhutan,BT,BTN,64,"INR,BTN",BHUTAN,"2,2","Indian Rupee,Ngultrum",356064,64,the Kingdom of Bhutan,Bhutan,Bhutan,Thimphu,AS,BT,Developing,975,D2,BHU,BT,31,1252634,true,BHU,BTN,,,true,dz,true,bt,142,Asia,,34,Southern Asia,.bt,,Yes
Bolivia (Plurinational State of),BO,BOL,68,BOB,BOLIVIA (PLURINATIONAL STATE OF),2,Boliviano,68,68,the Plurinational State of Bolivia,Bolivia (Plurinational State of),Bolivia,Sucre,SA,BOL,Developing,591,,BOL,BL,33,3923057,true,BOL,BOL,5,South America,true,"es-BO,qu,ay",,bo,19,Americas,,419,Latin America and the Caribbean,.bo,BO,Yes
"Bonaire, Sint Eustatius and Saba",BQ,BES,535,USD,"BONAIRE, SINT EUSTATIUS AND SABA",2,US Dollar,840,535,,,Caribbean Netherlands,,NA,NA,Developing,599,,ANT,NL,176,7626844,true,AHO,ATN,29,Caribbean,,"nl,pap,en",,ca,19,Americas,true,419,Latin America and the Caribbean,.bq,NU,Part of NL
Bosnia and Herzegovina,BA,BIH,70,BAM,BOSNIA AND HERZEGOVINA,2,Convertible Mark,977,70,Bosnia and Herzegovina,Bosnia and Herzegovina,Bosnia,Sarajevo,EU,BIH,Developed,387,1E,BIH,BK,34,3277605,true,BIH,BIH,,,,"bs,hr-BA,sr-BA",,bn,150,Europe,,39,Southern Europe,.ba,BG,Yes
Botswana,BW,BWA,72,BWP,BOTSWANA,2,Pula,72,72,the Republic of Botswana,Botswana,Botswana,Gaborone,AF,BW,Developing,267,B1,BOT,BC,35,933860,true,BOT,BOT,18,Southern Africa,true,"en-BW,tn-BW",,bs,2,Africa,,202,Sub-Saharan Africa,.bw,BC,Yes
Bouvet Island,BV,BVT,74,NOK,BOUVET ISLAND,2,Norwegian Krone,578,74,,,Bouvet Island,,AN,BV,Developing,47,D4,,BV,36,3371123,true,,,5,South America,,,,bv,19,Americas,,419,Latin America and the Caribbean,.bv,BV,Territory of NO
Brazil,BR,BRA,76,BRL,BRAZIL,2,Brazilian Real,986,76,the Federative Republic of Brazil,Brazil,Brazil,Brasilia,SA,BR,Developing,55,D5,BRA,BR,37,3469034,true,BRA,B,5,South America,,"pt-BR,es,en,fr",,bl,19,Americas,,419,Latin America and the Caribbean,.br,BZ,Yes
British Indian Ocean Territory,IO,IOT,86,USD,BRITISH INDIAN OCEAN TERRITORY,2,US Dollar,840,86,,,British Indian Ocean Territory,Diego Garcia,AS,,Developing,246,D6,,IO,38,1282588,true,,BIO,14,Eastern Africa,,en-IO,,bi,2,Africa,,202,Sub-Saharan Africa,.io,,Territory of GB
British Virgin Islands,VG,VGB,92,USD,VIRGIN ISLANDS (BRITISH),2,US Dollar,840,92,,,British Virgin Islands,Road Town,NA,BVI,Developing,1-284,,VGB,VI,39,3577718,true,IVB,VRG,29,Caribbean,,en-VG,,vb,19,Americas,true,419,Latin America and the Caribbean,.vg,VI,Territory of GB
Brunei Darussalam,BN,BRN,96,BND,BRUNEI DARUSSALAM,2,Brunei Dollar,96,96,Brunei Darussalam,Brunei Darussalam,Brunei,Bandar Seri Begawan,AS,BRU,Developing,673,D9,BRU,BX,40,1820814,true,BRU,BRU,,,,"ms-BN,en-BN",,bx,142,Asia,,35,South-eastern Asia,.bn,BD,Yes
Bulgaria,BG,BGR,100,BGN,BULGARIA,2,Bulgarian Lev,975,100,the Republic of Bulgaria,Bulgaria,Bulgaria,Sofia,EU,BG,Developed,359,E0,BUL,BU,41,732800,true,BUL,BUL,,,,"bg,tr-BG,rom",,bu,150,Europe,,151,Eastern Europe,.bg,BU,Yes
Burkina Faso,BF,BFA,854,XOF,BURKINA FASO,0,CFA Franc BCEAO,952,854,Burkina Faso,Burkina Faso,Burkina Faso,Ouagadougou,AF,BF,Developing,226,X2,BFA,UV,42,2361809,true,BUR,BFA,11,Western Africa,true,fr-BF,true,uv,2,Africa,,202,Sub-Saharan Africa,.bf,HV,Yes
Burundi,BI,BDI,108,BIF,BURUNDI,0,Burundi Franc,108,108,the Republic of Burundi,Burundi,Burundi,Bujumbura,AF,RU,Developing,257,E2,BDI,BY,43,433561,true,BDI,BDI,14,Eastern Africa,true,"fr-BI,rn",true,bd,2,Africa,,202,Sub-Saharan Africa,.bi,BI,Yes
Cabo Verde,CV,CPV,132,CVE,CABO VERDE,2,Cabo Verde Escudo,132,132,the Republic of Cabo Verde,Cabo Verde,Cape Verde,Praia,AF,CV,Developing,238,,CPV,CV,47,3374766,true,CPV,CPV,11,Western Africa,,pt-CV,,cv,2,Africa,true,202,Sub-Saharan Africa,.cv,CV,Yes
Cambodia,KH,KHM,116,KHR,CAMBODIA,2,Riel,116,116,the Kingdom of Cambodia,Cambodia,Cambodia,Phnom Penh,AS,K,Developing,855,E3,CAM,CB,44,1831722,true,CAM,CBG,,,,"km,fr,en",true,cb,142,Asia,,35,South-eastern Asia,.kh,KP,Yes
Cameroon,CM,CMR,120,XAF,CAMEROON,0,CFA Franc BEAC,950,120,the Republic of Cameroon,Cameroon,Cameroon,Yaounde,AF,CAM,Developing,237,E4,CMR,CM,45,2233387,true,CMR,CME,17,Middle Africa,,"en-CM,fr-CM",,cm,2,Africa,,202,Sub-Saharan Africa,.cm,CM,Yes
Canada,CA,CAN,124,CAD,CANADA,2,Canadian Dollar,124,124,Canada,Canada,Canada,Ottawa,NA,CDN,Developed,1,,CAN,CA,46,6251999,true,CAN,CAN,,,,"en-CA,fr-CA,iu",,xxc,19,Americas,,21,Northern America,.ca,CN,Yes
Cayman Islands,KY,CYM,136,KYD,CAYMAN ISLANDS,2,Cayman Islands Dollar,136,136,,,Cayman Islands,George Town,NA,KY,Developing,1-345,E9,CAY,CJ,48,3580718,true,CAY,CYM,29,Caribbean,,en-KY,,cj,19,Americas,,419,Latin America and the Caribbean,.ky,GC,Territory of GB
Central African Republic,CF,CAF,140,XAF,CENTRAL AFRICAN REPUBLIC,0,CFA Franc BEAC,950,140,the Central African Republic,Central African Republic (the),Central African Republic,Bangui,AF,RCA,Developing,236,F0,CTA,CT,49,239880,true,CAF,CAF,17,Middle Africa,true,"fr-CF,sg,ln,kg",true,cx,2,Africa,,202,Sub-Saharan Africa,.cf,CE,Yes
Chad,TD,TCD,148,XAF,CHAD,0,CFA Franc BEAC,950,148,the Republic of Chad,Chad,Chad,N'Djamena,AF,TCH,Developing,235,F2,CHA,CD,50,2434508,true,CHA,TCD,17,Middle Africa,true,"fr-TD,ar-TD,sre",true,cd,2,Africa,,202,Sub-Saharan Africa,.td,CD,Yes
Chile,CL,CHL,152,CLP,CHILE,0,Chilean Peso,152,152,the Republic of Chile,Chile,Chile,Santiago,SA,RCH,Developing,56,F3,CHI,CI,51,3895114,true,CHI,CHL,5,South America,,es-CL,,cl,19,Americas,,419,Latin America and the Caribbean,.cl,CH,Yes
China,CN,CHN,156,CNY,CHINA,2,Yuan Renminbi,156,156,the People's Republic of China,China,China,Beijing,AS,CN,Developing,86,F4,CHN,CH,53,1814991,true,CHN,CHN,,,,"zh-CN,yue,wuu,dta,ug,za",,cc,142,Asia,,30,Eastern Asia,.cn,CI,Yes
"China, Hong Kong Special Administrative Region",HK,HKG,344,HKD,HONG KONG,2,Hong Kong Dollar,344,344,,,Hong Kong,Hong Kong,AS,HK,Developing,852,K3,HKG,HK,33364,1819730,true,HKG,HKG,,,,"zh-HK,yue,zh,en",,,142,Asia,,30,Eastern Asia,.hk,HK,Part of CN
"China, Macao Special Administrative Region",MO,MAC,446,MOP,MACAO,2,Pataca,446,446,,,Macau,Macao,AS,MO,Developing,853,,MAC,MC,149,1821275,true,MAC,MAC,,,,"zh,zh-MO,pt",,,142,Asia,,30,Eastern Asia,.mo,MU,Part of CN
Christmas Island,CX,CXR,162,AUD,CHRISTMAS ISLAND,2,Australian Dollar,36,162,,,Christmas Island,Flying Fish Cove,AS,AUS,Developed,61,F6,CXR,KT,54,2078138,true,,CHR,,,,"en,zh,ms-CC",,xa,9,Oceania,,53,Australia and New Zealand,.cx,KI,Territory of AU
Cocos (Keeling) Islands,CC,CCK,166,AUD,COCOS (KEELING) ISLANDS,2,Australian Dollar,36,166,,,Cocos (Keeling) Islands,West Island,AS,AUS,Developed,61,F7,CCK,CK,56,1547376,true,,ICO,,,,"ms-CC,en",,xb,9,Oceania,,53,Australia and New Zealand,.cc,KK,Territory of AU
Colombia,CO,COL,170,COP,COLOMBIA,2,Colombian Peso,170,170,the Republic of Colombia,Colombia,Colombia,Bogota,SA,CO,Developing,57,F8,COL,CO,57,3686110,true,COL,CLM,5,South America,,es-CO,,ck,19,Americas,,419,Latin America and the Caribbean,.co,CO,Yes
Comoros,KM,COM,174,KMF,COMOROS,0,Comorian Franc,174,174,the Union of the Comoros,Comoros (the),Comoros,Moroni,AF,KM,Developing,269,F9,COM,CN,58,921929,true,COM,COM,14,Eastern Africa,,"ar,fr-KM",true,cq,2,Africa,true,202,Sub-Saharan Africa,.km,IC,Yes
Congo,CG,COG,178,XAF,CONGO,0,CFA Franc BEAC,950,178,the Republic of the Congo,Congo (the),Congo - Brazzaville,Brazzaville,AF,RCB,Developing,242,G0,CGO,CF,59,2260494,true,CGO,COG,17,Middle Africa,,"fr-CG,kg,ln-CG",,cf,2,Africa,,202,Sub-Saharan Africa,.cg,CG,Yes
Cook Islands,CK,COK,184,NZD,COOK ISLANDS,2,New Zealand Dollar,554,184,the Cook Islands,Cook Islands (the)    **,Cook Islands,Avarua,OC,NZ,Developing,682,G1,COK,CW,60,1899402,true,COK,CKH,,,,"en-CK,mi",,cw,9,Oceania,true,61,Polynesia,.ck,KU,Associated with NZ
Costa Rica,CR,CRI,188,CRC,COSTA RICA,2,Costa Rican Colon,188,188,the Republic of Costa Rica,Costa Rica,Costa Rica,San Jose,NA,CR,Developing,506,G2,CRC,CS,61,3624060,true,CRC,CTR,13,Central America,,"es-CR,en",,cr,19,Americas,,419,Latin America and the Caribbean,.cr,CS,Yes
Croatia,HR,HRV,191,HRK,CROATIA,2,Kuna,191,191,the Republic of Croatia,Croatia,Croatia,Zagreb,EU,HR,Developed,385,1M,CRO,HR,62,3202326,true,CRO,HRV,,,,"hr-HR,sr",,ci,150,Europe,,39,Southern Europe,.hr,RH,Yes
Cuba,CU,CUB,192,"CUP,CUC",CUBA,"2,2","Cuban Peso,Peso Convertible",192931,192,the Republic of Cuba,Cuba,Cuba,Havana,NA,C,Developing,53,G3,CUB,CU,63,3562981,true,CUB,CUB,29,Caribbean,,es-CU,,cu,19,Americas,true,419,Latin America and the Caribbean,.cu,CU,Yes
Curaçao,CW,CUW,531,ANG,CURAÇAO,2,Netherlands Antillean Guilder,532,531,,,Curaçao,Willemstad,NA,,Developing,599,,,UC,,7626836,true,,,29,Caribbean,,"nl,pap",,co,19,Americas,true,419,Latin America and the Caribbean,.cw,,Part of NL
Cyprus,CY,CYP,196,EUR,CYPRUS,2,Euro,978,196,the Republic of Cyprus,Cyprus,Cyprus,Nicosia,EU,CY,Developing,357,G4,CYP,CY,64,146669,true,CYP,CYP,,,,"el-CY,tr-CY,en",,cy,142,Asia,,145,Western Asia,.cy,CY,Yes
Czechia,CZ,CZE,203,CZK,CZECHIA,2,Czech Koruna,203,203,the Czech Republic,Czech Republic (the),Czechia,Prague,EU,CZ,Developed,420,,CZE,EZ,65,3077311,true,CZE,CZE,,,,"cs,sk",,xr,150,Europe,,151,Eastern Europe,.cz,CZ,Yes
Côte d'Ivoire,CI,CIV,384,XOF,CÔTE D'IVOIRE,0,CFA Franc BCEAO,952,384,the Republic of Côte d'Ivoire,Côte d'Ivoire,Côte d’Ivoire,Yamoussoukro,AF,CI,Developing,225,,CIV,IV,66,2287781,true,CIV,CTI,11,Western Africa,,fr-CI,,iv,2,Africa,,202,Sub-Saharan Africa,.ci,IV,Yes
Democratic People's Republic of Korea,KP,PRK,408,KPW,KOREA (THE DEMOCRATIC PEOPLE’S REPUBLIC OF),2,North Korean Won,408,408,the Democratic People's Republic of Korea,Democratic People's Republic of Korea (the),North Korea,Pyongyang,AS,,Developing,850,,PRK,KN,67,1873107,true,PRK,KRE,,,,ko-KP,,kn,142,Asia,,30,Eastern Asia,.kp,KR,Yes
Democratic Republic of the Congo,CD,COD,180,CDF,CONGO (THE DEMOCRATIC REPUBLIC OF THE),2,Congolese Franc,976,180,the Democratic Republic of the Congo,Democratic Republic of the Congo (the),Congo - Kinshasa,Kinshasa,AF,ZRE,Developing,243,,COD,CG,68,203312,true,COD,COD,17,Middle Africa,,"fr-CD,ln,kg",true,cg,2,Africa,,202,Sub-Saharan Africa,.cd,ZR,Yes
Denmark,DK,DNK,208,DKK,DENMARK,2,Danish Krone,208,208,the Kingdom of Denmark,Denmark,Denmark,Copenhagen,EU,DK,Developed,45,G7,DEN,DA,69,2623032,true,DEN,DNK,,,,"da-DK,en,fo,de-DK",,dk,150,Europe,,154,Northern Europe,.dk,DN,Yes
Djibouti,DJ,DJI,262,DJF,DJIBOUTI,0,Djibouti Franc,262,262,the Republic of Djibouti,Djibouti,Djibouti,Djibouti,AF,F,Developing,253,1G,DJI,DJ,70,223816,true,DJI,DJI,14,Eastern Africa,,"fr-DJ,ar,so-DJ,aa",true,ft,2,Africa,,202,Sub-Saharan Africa,.dj,DJ,Yes
Dominica,DM,DMA,212,XCD,DOMINICA,2,East Caribbean Dollar,951,212,the Commonwealth of Dominica,Dominica,Dominica,Roseau,NA,WD,Developing,1-767,G9,DMA,DO,71,3575830,true,DMA,DMA,29,Caribbean,,en-DM,,dq,19,Americas,true,419,Latin America and the Caribbean,.dm,DO,Yes
Dominican Republic,DO,DOM,214,DOP,DOMINICAN REPUBLIC,2,Dominican Peso,214,214,the Dominican Republic,Dominican Republic (the),Dominican Republic,Santo Domingo,NA,DOM,Developing,"1-809,1-829,1-849",G8,DOM,DR,72,3508796,true,DOM,DOM,29,Caribbean,,es-DO,,dr,19,Americas,true,419,Latin America and the Caribbean,.do,DR,Yes
Ecuador,EC,ECU,218,USD,ECUADOR,2,US Dollar,840,218,the Republic of Ecuador,Ecuador,Ecuador,Quito,SA,EC,Developing,593,H1,ECU,EC,73,3658394,true,ECU,EQA,5,South America,,es-EC,,ec,19,Americas,,419,Latin America and the Caribbean,.ec,EQ,Yes
Egypt,EG,EGY,818,EGP,EGYPT,2,Egyptian Pound,818,818,the Arab Republic of Egypt,Egypt,Egypt,Cairo,AF,ET,Developing,20,H2,EGY,EG,40765,357994,true,EGY,EGY,,,,"ar-EG,en,fr",,ua,2,Africa,,15,Northern Africa,.eg,EG,Yes
El Salvador,SV,SLV,222,"SVC,USD",EL SALVADOR,"2,2","El Salvador Colon,US Dollar",222840,222,the Republic of El Salvador,El Salvador,El Salvador,San Salvador,NA,ES,Developing,503,H3,SLV,ES,75,3585968,true,ESA,SLV,13,Central America,,es-SV,,es,19,Americas,,419,Latin America and the Caribbean,.sv,ES,Yes
Equatorial Guinea,GQ,GNQ,226,XAF,EQUATORIAL GUINEA,0,CFA Franc BEAC,950,226,the Republic of Equatorial Guinea,Equatorial Guinea,Equatorial Guinea,Malabo,AF,EQ,Developing,240,H4,EQG,EK,76,2309096,true,GEQ,GNE,17,Middle Africa,,"es-GQ,fr",true,eg,2,Africa,,202,Sub-Saharan Africa,.gq,GQ,Yes
Eritrea,ER,ERI,232,ERN,ERITREA,2,Nakfa,232,232,the State of Eritrea,Eritrea,Eritrea,Asmara,AF,ER,Developing,291,1J,ERI,ER,77,338010,true,ERI,ERI,14,Eastern Africa,,"aa-ER,ar,tig,kun,ti-ER",true,ea,2,Africa,,202,Sub-Saharan Africa,.er,,Yes
Estonia,EE,EST,233,EUR,ESTONIA,2,Euro,978,233,the Republic of Estonia,Estonia,Estonia,Tallinn,EU,EST,Developed,372,1H,EST,EN,78,453733,true,EST,EST,,,,"et,ru",,er,150,Europe,,154,Northern Europe,.ee,EO,Yes
Ethiopia,ET,ETH,231,ETB,ETHIOPIA,2,Ethiopian Birr,230,231,the Federal Democratic Republic of Ethiopia,Ethiopia,Ethiopia,Addis Ababa,AF,ETH,Developing,251,H5,ETH,ET,79,337996,true,ETH,ETH,14,Eastern Africa,true,"am,en-ET,om-ET,ti-ET,so-ET,sid",true,et,2,Africa,,202,Sub-Saharan Africa,.et,ET,Yes
Falkland Islands (Malvinas),FK,FLK,238,,,,,,238,,,Falkland Islands,Stanley,SA,,Developing,500,,FLK,FK,81,3474414,true,FLK,FLK,5,South America,,en-FK,,fk,19,Americas,,419,Latin America and the Caribbean,.fk,FK,Territory of GB
Faroe Islands,FO,FRO,234,DKK,FAROE ISLANDS,2,Danish Krone,208,234,,,Faroe Islands,Torshavn,EU,FO,Developed,298,H6,FRO,FO,82,2622320,true,FAR,FRO,,,,"fo,da-FO",,fa,150,Europe,,154,Northern Europe,.fo,FA,Part of DK
Fiji,FJ,FJI,242,FJD,FIJI,2,Fiji Dollar,242,242,the Republic of Fiji,Fiji,Fiji,Suva,OC,FJI,Developing,679,H8,FIJ,FJ,83,2205218,true,FIJ,FJI,,,,"en-FJ,fj",,fj,9,Oceania,true,54,Melanesia,.fj,FJ,Yes
Finland,FI,FIN,246,EUR,FINLAND,2,Euro,978,246,the Republic of Finland,Finland,Finland,Helsinki,EU,FIN,Developed,358,H9,FIN,FI,84,660013,true,FIN,FIN,,,,"fi-FI,sv-FI,smn",,fi,150,Europe,,154,Northern Europe,.fi,FI,Yes
France,FR,FRA,250,EUR,FRANCE,2,Euro,978,250,the French Republic,France,France,Paris,EU,F,Developed,33,I0,FRA,FR,85,3017382,true,FRA,F,,,,"fr-FR,frp,br,co,ca,eu,oc",,fr,150,Europe,,155,Western Europe,.fr,FR,Yes
French Guiana,GF,GUF,254,EUR,FRENCH GUIANA,2,Euro,978,254,,,French Guiana,Cayenne,SA,F,Developing,594,I3,GUF,FG,86,3381670,true,FGU,GUF,5,South America,,fr-GF,,fg,19,Americas,,419,Latin America and the Caribbean,.gf,FG,Part of FR
French Polynesia,PF,PYF,258,XPF,FRENCH POLYNESIA,0,CFP Franc,953,258,,,French Polynesia,Papeete,OC,F,Developing,689,I4,TAH,FP,87,4030656,true,FPO,OCE,,,,"fr-PF,ty",,fp,9,Oceania,true,61,Polynesia,.pf,PF,Territory of FR
French Southern Territories,TF,ATF,260,EUR,FRENCH SOUTHERN TERRITORIES,2,Euro,978,260,,,French Southern Territories,Port-aux-Francais,AN,F,Developing,262,2C,,FS,88,1546748,true,,,14,Eastern Africa,,fr,,fs,2,Africa,,202,Sub-Saharan Africa,.tf,,Territory of FR
Gabon,GA,GAB,266,XAF,GABON,0,CFA Franc BEAC,950,266,the Gabonese Republic,Gabon,Gabon,Libreville,AF,G,Developing,241,I5,GAB,GB,89,2400553,true,GAB,GAB,17,Middle Africa,,fr-GA,,go,2,Africa,,202,Sub-Saharan Africa,.ga,GO,Yes
Gambia,GM,GMB,270,GMD,GAMBIA,2,Dalasi,270,270,the Republic of the Gambia,Gambia (the),Gambia,Banjul,AF,WAG,Developing,220,I6,GAM,GA,90,2413451,true,GAM,GMB,11,Western Africa,,"en-GM,mnk,wof,wo,ff",true,gm,2,Africa,,202,Sub-Saharan Africa,.gm,GB,Yes
Georgia,GE,GEO,268,GEL,GEORGIA,2,Lari,981,268,Georgia,Georgia,Georgia,Tbilisi,AS,GE,Developing,995,2Q,GEO,GG,92,614540,true,GEO,GEO,,,,"ka,ru,hy,az",,gs,142,Asia,,145,Western Asia,.ge,GG,Yes
Germany,DE,DEU,276,EUR,GERMANY,2,Euro,978,276,the Federal Republic of Germany,Germany,Germany,Berlin,EU,D,Developed,49,2M,GER,GM,93,2921044,true,GER,D,,,,de,,gw,150,Europe,,155,Western Europe,.de,DL,Yes
Ghana,GH,GHA,288,GHS,GHANA,2,Ghana Cedi,936,288,the Republic of Ghana,Ghana,Ghana,Accra,AF,GH,Developing,233,J0,GHA,GH,94,2300660,true,GHA,GHA,11,Western Africa,,"en-GH,ak,ee,tw",,gh,2,Africa,,202,Sub-Saharan Africa,.gh,GH,Yes
Gibraltar,GI,GIB,292,GIP,GIBRALTAR,2,Gibraltar Pound,292,292,,,Gibraltar,Gibraltar,EU,GBZ,Developed,350,J1,GBZ,GI,95,2411586,true,GIB,GIB,,,,"en-GI,es,it,pt",,gi,150,Europe,,39,Southern Europe,.gi,GI,Territory of GB
Greece,GR,GRC,300,EUR,GREECE,2,Euro,978,300,the Hellenic Republic,Greece,Greece,Athens,EU,GR,Developed,30,J3,GRE,GR,97,390903,true,GRE,GRC,,,,"el-GR,en,fr",,gr,150,Europe,,39,Southern Europe,.gr,GR,Yes
Greenland,GL,GRL,304,DKK,GREENLAND,2,Danish Krone,208,304,,,Greenland,Nuuk,NA,DK,Developed,299,J4,GRL,GL,98,3425505,true,GRL,GRL,,,,"kl,da-GL,en",,gl,19,Americas,,21,Northern America,.gl,GL,Part of DK
Grenada,GD,GRD,308,XCD,GRENADA,2,East Caribbean Dollar,951,308,Grenada,Grenada,Grenada,St. George's,NA,WG,Developing,1-473,J5,GRN,GJ,99,3580239,true,GRN,GRD,29,Caribbean,,en-GD,,gd,19,Americas,true,419,Latin America and the Caribbean,.gd,GD,Yes
Guadeloupe,GP,GLP,312,EUR,GUADELOUPE,2,Euro,978,312,,,Guadeloupe,Basse-Terre,NA,F,Developing,590,J6,GLP,GP,100,3579143,true,GUD,GDL,29,Caribbean,,fr-GP,,gp,19,Americas,,419,Latin America and the Caribbean,.gp,MF,Part of FR
Guam,GU,GUM,316,USD,GUAM,2,US Dollar,840,316,,,Guam,Hagatna,OC,USA,Developing,1-671,GU,GUM,GQ,101,4043988,true,GUM,GUM,,,,"en-GU,ch-GU",,gu,9,Oceania,true,57,Micronesia,.gu,GM,Territory of US
Guatemala,GT,GTM,320,GTQ,GUATEMALA,2,Quetzal,320,320,the Republic of Guatemala,Guatemala,Guatemala,Guatemala City,NA,GCA,Developing,502,J8,GUA,GT,103,3595528,true,GUA,GTM,13,Central America,,es-GT,,gt,19,Americas,,419,Latin America and the Caribbean,.gt,GU,Yes
Guernsey,GG,GGY,831,GBP,GUERNSEY,2,Pound Sterling,826,831,,,Guernsey,St Peter Port,EU,GBG,Developed,44,Y7,GBG,GK,104,3042362,true,,,830,Channel Islands,,"en,fr",,uik,150,Europe,,154,Northern Europe,.gg,,Crown dependency of GB
Guinea,GN,GIN,324,GNF,GUINEA,0,Guinean Franc,324,324,the Republic of Guinea,Guinea,Guinea,Conakry,AF,RG,Developing,224,J9,GUI,GV,106,2420477,true,GUI,GUI,11,Western Africa,,fr-GN,true,gv,2,Africa,,202,Sub-Saharan Africa,.gn,GN,Yes
Guinea-Bissau,GW,GNB,624,XOF,GUINEA-BISSAU,0,CFA Franc BCEAO,952,624,the Republic of Guinea-Bissau,Guinea-Bissau,Guinea-Bissau,Bissau,AF,GW,Developing,245,S0,GNB,PU,105,2372248,true,GBS,GNB,11,Western Africa,,"pt-GW,pov",true,pg,2,Africa,true,202,Sub-Saharan Africa,.gw,GW,Yes
Guyana,GY,GUY,328,GYD,GUYANA,2,Guyana Dollar,328,328,the Republic of Guyana,Guyana,Guyana,Georgetown,SA,GUY,Developing,592,K0,GUY,GY,107,3378535,true,GUY,GUY,5,South America,,en-GY,,gy,19,Americas,true,419,Latin America and the Caribbean,.gy,GY,Yes
Haiti,HT,HTI,332,"HTG,USD",HAITI,"2,2","Gourde,US Dollar",332840,332,the Republic of Haiti,Haiti,Haiti,Port-au-Prince,NA,RH,Developing,509,K1,HAI,HA,108,3723988,true,HAI,HTI,29,Caribbean,,"ht,fr-HT",true,ht,19,Americas,true,419,Latin America and the Caribbean,.ht,HA,Yes
Heard Island and McDonald Islands,HM,HMD,334,AUD,HEARD ISLAND AND MCDONALD ISLANDS,2,Australian Dollar,36,334,,,Heard & McDonald Islands,,AN,AUS,Developed,672,K4,,HM,109,1547314,true,,,,,,,,hm,9,Oceania,,53,Australia and New Zealand,.hm,,Territory of AU
Holy See,VA,VAT,336,EUR,HOLY SEE,2,Euro,978,336,the Holy See,Holy See (the)  *,Vatican City,Vatican City,EU,V,Developed,39-06,,VAT,VT,110,3164670,true,,CVA,,,,"la,it,fr",,vc,150,Europe,,39,Southern Europe,.va,,Yes
Honduras,HN,HND,340,HNL,HONDURAS,2,Lempira,340,340,the Republic of Honduras,Honduras,Honduras,Tegucigalpa,NA,,Developing,504,K2,HON,HO,111,3608932,true,HON,HND,13,Central America,,es-HN,,ho,19,Americas,,419,Latin America and the Caribbean,.hn,HO,Yes
Hungary,HU,HUN,348,HUF,HUNGARY,2,Forint,348,348,Hungary,Hungary,Hungary,Budapest,EU,H,Developed,36,K5,HUN,HU,113,719819,true,HUN,HNG,,,,hu-HU,,hu,150,Europe,,151,Eastern Europe,.hu,HU,Yes
Iceland,IS,ISL,352,ISK,ICELAND,0,Iceland Krona,352,352,the Republic of Iceland,Iceland,Iceland,Reykjavik,EU,IS,Developed,354,K6,ISL,IC,114,2629691,true,ISL,ISL,,,,"is,en,de,da,sv,no",,ic,150,Europe,,154,Northern Europe,.is,IL,Yes
India,IN,IND,356,INR,INDIA,2,Indian Rupee,356,356,the Republic of India,India,India,New Delhi,AS,IND,Developing,91,K7,IND,IN,115,1269750,true,IND,IND,,,,"en-IN,hi,bn,te,mr,ta,ur,gu,kn,ml,or,pa,as,bh,sat,ks,ne,sd,kok,doi,mni,sit,sa,fr,lus,inc",,ii,142,Asia,,34,Southern Asia,.in,IN,Yes
Indonesia,ID,IDN,360,IDR,INDONESIA,2,Rupiah,360,360,the Republic of Indonesia,Indonesia,Indonesia,Jakarta,AS,RI,Developing,62,K8,IDN,ID,116,1643084,true,INA,INS,,,,"id,en,nl,jv",,io,142,Asia,,35,South-eastern Asia,.id,ID,Yes
Iran (Islamic Republic of),IR,IRN,364,IRR,IRAN (ISLAMIC REPUBLIC OF),2,Iranian Rial,364,364,the Islamic Republic of Iran,Iran (Islamic Republic of),Iran,Tehran,AS,IR,Developing,98,,IRN,IR,117,130758,true,IRI,IRN,,,,"fa-IR,ku",,ir,142,Asia,,34,Southern Asia,.ir,IR,Yes
Iraq,IQ,IRQ,368,IQD,IRAQ,3,Iraqi Dinar,368,368,the Republic of Iraq,Iraq,Iraq,Baghdad,AS,IRQ,Developing,964,L0,IRQ,IZ,118,99237,true,IRQ,IRQ,,,,"ar-IQ,ku,hy",,iq,142,Asia,,145,Western Asia,.iq,IQ,Yes
Ireland,IE,IRL,372,EUR,IRELAND,2,Euro,978,372,Ireland,Ireland,Ireland,Dublin,EU,IRL,Developed,353,L2,IRL,EI,119,2963597,true,IRL,IRL,,,,"en-IE,ga-IE",,ie,150,Europe,,154,Northern Europe,.ie,IE,Yes
Isle of Man,IM,IMN,833,GBP,ISLE OF MAN,2,Pound Sterling,826,833,,,Isle of Man,Douglas,EU,GBM,Developed,44,Y8,GBM,IM,120,3042225,true,,,,,,"en,gv",,uik,150,Europe,,154,Northern Europe,.im,,Crown dependency of GB
Israel,IL,ISR,376,ILS,ISRAEL,2,New Israeli Sheqel,376,376,the State of Israel,Israel,Israel,Jerusalem,AS,IL,Developing,972,L3,ISR,IS,121,294640,true,ISR,ISR,,,,"he,ar-IL,en-IL,",,is,142,Asia,,145,Western Asia,.il,IS,Yes
Italy,IT,ITA,380,EUR,ITALY,2,Euro,978,380,the Republic of Italy,Italy,Italy,Rome,EU,I,Developed,39,L6,ITA,IT,122,3175395,true,ITA,I,,,,"it-IT,de-IT,fr-IT,sc,ca,co,sl",,it,150,Europe,,39,Southern Europe,.it,IY,Yes
Jamaica,JM,JAM,388,JMD,JAMAICA,2,Jamaican Dollar,388,388,Jamaica,Jamaica,Jamaica,Kingston,NA,JA,Developing,1-876,L8,JAM,JM,123,3489940,true,JAM,JMC,29,Caribbean,,en-JM,,jm,19,Americas,true,419,Latin America and the Caribbean,.jm,JM,Yes
Japan,JP,JPN,392,JPY,JAPAN,0,Yen,392,392,Japan,Japan,Japan,Tokyo,AS,J,Developed,81,M0,JPN,JA,126,1861060,true,JPN,J,,,,ja,,ja,142,Asia,,30,Eastern Asia,.jp,JP,Yes
Jersey,JE,JEY,832,GBP,JERSEY,2,Pound Sterling,826,832,,,Jersey,Saint Helier,EU,GBJ,Developed,44,Y9,GBJ,JE,128,3042142,true,,,830,Channel Islands,,"en,pt",,uik,150,Europe,,154,Northern Europe,.je,,Crown dependency of GB
Jordan,JO,JOR,400,JOD,JORDAN,3,Jordanian Dinar,400,400,the Hashemite Kingdom of Jordan,Jordan,Jordan,Amman,AS,HKJ,Developing,962,M2,JOR,JO,130,248816,true,JOR,JOR,,,,"ar-JO,en",,jo,142,Asia,,145,Western Asia,.jo,JD,Yes
Kazakhstan,KZ,KAZ,398,KZT,KAZAKHSTAN,2,Tenge,398,398,the Republic of Kazakhstan,Kazakhstan,Kazakhstan,Astana,AS,KZ,Developing,7,,KAZ,KZ,132,1522867,true,KAZ,KAZ,,,true,"kk,ru",,kz,142,Asia,,143,Central Asia,.kz,KZ,Yes
Kenya,KE,KEN,404,KES,KENYA,2,Kenyan Shilling,404,404,the Republic of Kenya,Kenya,Kenya,Nairobi,AF,EAK,Developing,254,M3,KEN,KE,133,192950,true,KEN,KEN,14,Eastern Africa,,"en-KE,sw-KE",,ke,2,Africa,,202,Sub-Saharan Africa,.ke,KN,Yes
Kiribati,KI,KIR,296,AUD,KIRIBATI,2,Australian Dollar,36,296,the Republic of Kiribati,Kiribati,Kiribati,Tarawa,OC,,Developing,686,J2,KIR,KR,135,4030945,true,KIR,KIR,,,,"en-KI,gil",true,gb,9,Oceania,true,57,Micronesia,.ki,KB,Yes
Kuwait,KW,KWT,414,KWD,KUWAIT,3,Kuwaiti Dinar,414,414,the State of Kuwait,Kuwait,Kuwait,Kuwait City,AS,KWT,Developing,965,M6,KUW,KU,137,285570,true,KUW,KWT,,,,"ar-KW,en",,ku,142,Asia,,145,Western Asia,.kw,KW,Yes
Kyrgyzstan,KG,KGZ,417,KGS,KYRGYZSTAN,2,Som,417,417,the Kyrgyz Republic,Kyrgyzstan,Kyrgyzstan,Bishkek,AS,KS,Developing,996,1N,KGZ,KG,138,1527747,true,KGZ,KGZ,,,true,"ky,uz,ru",,kg,142,Asia,,143,Central Asia,.kg,KG,Yes
Lao People's Democratic Republic,LA,LAO,418,LAK,LAO PEOPLE’S DEMOCRATIC REPUBLIC,2,Lao Kip,418,418,the Lao People's Democratic Republic,Lao People's Democratic Republic (the),Laos,Vientiane,AS,LAO,Developing,856,,LAO,LA,139,1655842,true,LAO,LAO,,,true,"lo,fr,en",true,ls,142,Asia,,35,South-eastern Asia,.la,LA,Yes
Latvia,LV,LVA,428,EUR,LATVIA,2,Euro,978,428,the Republic of Latvia,Latvia,Latvia,Riga,EU,LV,Developed,371,1R,LVA,LG,140,458258,true,LAT,LVA,,,,"lv,ru,lt",,lv,150,Europe,,154,Northern Europe,.lv,LV,Yes
Lebanon,LB,LBN,422,LBP,LEBANON,2,Lebanese Pound,422,422,the Lebanese Republic,Lebanon,Lebanon,Beirut,AS,RL,Developing,961,M8,LIB,LE,141,272103,true,LIB,LBN,,,,"ar-LB,fr-LB,en,hy",,le,142,Asia,,145,Western Asia,.lb,LB,Yes
Lesotho,LS,LSO,426,"LSL,ZAR",LESOTHO,"2,2","Loti,Rand",426710,426,the Kingdom of Lesotho,Lesotho,Lesotho,Maseru,AF,LS,Developing,266,M9,LES,LT,142,932692,true,LES,LSO,18,Southern Africa,true,"en-LS,st,zu,xh",true,lo,2,Africa,,202,Sub-Saharan Africa,.ls,LS,Yes
Liberia,LR,LBR,430,LRD,LIBERIA,2,Liberian Dollar,430,430,the Republic of Liberia,Liberia,Liberia,Monrovia,AF,LB,Developing,231,N0,LBR,LI,144,2275384,true,LBR,LBR,11,Western Africa,,en-LR,true,lb,2,Africa,,202,Sub-Saharan Africa,.lr,LI,Yes
Libya,LY,LBY,434,LYD,LIBYA,3,Libyan Dinar,434,434,Libya,Libya,Libya,Tripoli,AF,LAR,Developing,218,,LBY,LY,145,2215636,true,LBA,LBY,,,,"ar-LY,it,en",,ly,2,Africa,,15,Northern Africa,.ly,LY,Yes
Liechtenstein,LI,LIE,438,CHF,LIECHTENSTEIN,2,Swiss Franc,756,438,the Principality of Liechtenstein,Liechtenstein,Liechtenstein,Vaduz,EU,FL,Developed,423,N2,LIE,LS,146,3042058,true,LIE,LIE,,,,de-LI,,lh,150,Europe,,155,Western Europe,.li,,Yes
Lithuania,LT,LTU,440,EUR,LITHUANIA,2,Euro,978,440,the Republic of Lithuania,Lithuania,Lithuania,Vilnius,EU,LT,Developed,370,1Q,LTU,LH,147,597427,true,LTU,LTU,,,,"lt,ru,pl",,li,150,Europe,,154,Northern Europe,.lt,LT,Yes
Luxembourg,LU,LUX,442,EUR,LUXEMBOURG,2,Euro,978,442,the Grand Duchy of Luxembourg,Luxembourg,Luxembourg,Luxembourg,EU,L,Developed,352,N4,LUX,LU,148,2960313,true,LUX,LUX,,,,"lb,de-LU,fr-LU",,lu,150,Europe,,155,Western Europe,.lu,BX,Yes
Madagascar,MG,MDG,450,MGA,MADAGASCAR,2,Malagasy Ariary,969,450,the Republic of Madagascar,Madagascar,Madagascar,Antananarivo,AF,RM,Developing,261,N6,MAD,MA,150,1062947,true,MAD,MDG,14,Eastern Africa,,"fr-MG,mg",true,mg,2,Africa,,202,Sub-Saharan Africa,.mg,MG,Yes
Malawi,MW,MWI,454,MWK,MALAWI,2,Malawi Kwacha,454,454,the Republic of Malawi,Malawi,Malawi,Lilongwe,AF,MW,Developing,265,N7,MWI,MI,152,927384,true,MAW,MWI,14,Eastern Africa,true,"ny,yao,tum,swk",true,mw,2,Africa,,202,Sub-Saharan Africa,.mw,MW,Yes
Malaysia,MY,MYS,458,MYR,MALAYSIA,2,Malaysian Ringgit,458,458,Malaysia,Malaysia,Malaysia,Kuala Lumpur,AS,MAL,Developing,60,N8,MAS,MY,153,1733045,true,MAS,MLA,,,,"ms-MY,en,zh,ta,te,ml,pa,th",,my,142,Asia,,35,South-eastern Asia,.my,MS,Yes
Maldives,MV,MDV,462,MVR,MALDIVES,2,Rufiyaa,462,462,the Republic of Maldives,Maldives,Maldives,Male,AS,MV,Developing,960,N9,MDV,MV,154,1282028,true,MDV,MLD,,,,"dv,en",,xc,142,Asia,true,34,Southern Asia,.mv,MV,Yes
Mali,ML,MLI,466,XOF,MALI,0,CFA Franc BCEAO,952,466,the Republic of Mali,Mali,Mali,Bamako,AF,RMM,Developing,223,O0,MLI,ML,155,2453866,true,MLI,MLI,11,Western Africa,true,"fr-ML,bm",true,ml,2,Africa,,202,Sub-Saharan Africa,.ml,MI,Yes
Malta,MT,MLT,470,EUR,MALTA,2,Euro,978,470,the Republic of Malta,Malta,Malta,Valletta,EU,M,Developed,356,O1,MLT,MT,156,2562770,true,MLT,MLT,,,,"mt,en-MT",,mm,150,Europe,,39,Southern Europe,.mt,ML,Yes
Marshall Islands,MH,MHL,584,USD,MARSHALL ISLANDS,2,US Dollar,840,584,the Republic of the Marshall Islands,Marshall Islands (the),Marshall Islands,Majuro,OC,,Developing,692,1T,MHL,RM,157,2080185,true,MSH,MHL,,,,"mh,en-MH",,xe,9,Oceania,true,57,Micronesia,.mh,MH,Yes
Martinique,MQ,MTQ,474,EUR,MARTINIQUE,2,Euro,978,474,,,Martinique,Fort-de-France,NA,F,Developing,596,O2,MTQ,MB,158,3570311,true,MRT,MRT,29,Caribbean,,fr-MQ,,mq,19,Americas,,419,Latin America and the Caribbean,.mq,MR,Part of FR
Mauritania,MR,MRT,478,MRO,MAURITANIA,2,Ouguiya,478,478,the Islamic Republic of Mauritania,Mauritania,Mauritania,Nouakchott,AF,RIM,Developing,222,O3,MTN,MR,159,2378080,true,MTN,MTN,11,Western Africa,,"ar-MR,fuc,snk,fr,mey,wo",true,mu,2,Africa,,202,Sub-Saharan Africa,.mr,MT,Yes
Mauritius,MU,MUS,480,MUR,MAURITIUS,2,Mauritius Rupee,480,480,the Republic of Mauritius,Mauritius,Mauritius,Port Louis,AF,MS,Developing,230,O4,MRI,MP,160,934292,true,MRI,MAU,14,Eastern Africa,,"en-MU,bho,fr",,mf,2,Africa,true,202,Sub-Saharan Africa,.mu,MA,Yes
Mayotte,YT,MYT,175,EUR,MAYOTTE,2,Euro,978,175,,,Mayotte,Mamoudzou,AF,,Developing,262,2P,MYT,MF,161,1024031,true,MAY,MYT,14,Eastern Africa,,fr-YT,,ot,2,Africa,,202,Sub-Saharan Africa,.yt,,Part of FR
Mexico,MX,MEX,484,MXN,MEXICO,2,Mexican Peso,484,484,the United Mexican States,Mexico,Mexico,Mexico City,NA,MEX,Developing,52,O5,MEX,MX,162,3996063,true,MEX,MEX,13,Central America,,es-MX,,mx,19,Americas,,419,Latin America and the Caribbean,.mx,MX,Yes
Micronesia (Federated States of),FM,FSM,583,USD,MICRONESIA (FEDERATED STATES OF),2,US Dollar,840,583,the Federated States of Micronesia,Micronesia (Federated States of),Micronesia,Palikir,OC,,Developing,691,,FSM,FM,163,2081918,true,FSM,FSM,,,,"en-FM,chk,pon,yap,kos,uli,woe,nkr,kpg",,fm,9,Oceania,true,57,Micronesia,.fm,,Yes
Monaco,MC,MCO,492,EUR,MONACO,2,Euro,978,492,the Principality of Monaco,Monaco,Monaco,Monaco,EU,MC,Developed,377,O9,MON,MN,166,2993457,true,MON,MCO,,,,"fr-MC,en,it",,mc,150,Europe,,155,Western Europe,.mc,,Yes
Mongolia,MN,MNG,496,MNT,MONGOLIA,2,Tugrik,496,496,Mongolia,Mongolia,Mongolia,Ulan Bator,AS,MGL,Developing,976,P0,MNG,MG,167,2029969,true,MGL,MNG,,,true,"mn,ru",,mp,142,Asia,,30,Eastern Asia,.mn,MO,Yes
Montenegro,ME,MNE,499,EUR,MONTENEGRO,2,Euro,978,499,Montenegro,Montenegro,Montenegro,Podgorica,EU,MNE,Developed,382,Z5,MNE,MJ,2647,3194884,true,MGO,MNE,,,,"sr,hu,bs,sq,hr,rom",,mo,150,Europe,,39,Southern Europe,.me,,Yes
Montserrat,MS,MSR,500,XCD,MONTSERRAT,2,East Caribbean Dollar,951,500,,,Montserrat,Plymouth,NA,,Developing,1-664,P1,MSR,MH,168,3578097,true,MNT,MSR,29,Caribbean,,en-MS,,mj,19,Americas,true,419,Latin America and the Caribbean,.ms,,Territory of GB
Morocco,MA,MAR,504,MAD,MOROCCO,2,Moroccan Dirham,504,504,the Kingdom of Morocco,Morocco,Morocco,Rabat,AF,MA,Developing,212,P2,MAR,MO,169,2542007,true,MAR,MRC,,,,"ar-MA,ber,fr",,mr,2,Africa,,15,Northern Africa,.ma,MC,Yes
Mozambique,MZ,MOZ,508,MZN,MOZAMBIQUE,2,Mozambique Metical,943,508,the Republic of Mozambique,Mozambique,Mozambique,Maputo,AF,MOC,Developing,258,P3,MOZ,MZ,170,1036973,true,MOZ,MOZ,14,Eastern Africa,,"pt-MZ,vmw",true,mz,2,Africa,,202,Sub-Saharan Africa,.mz,MZ,Yes
Myanmar,MM,MMR,104,MMK,MYANMAR,2,Kyat,104,104,the Republic of the Union of Myanmar,Myanmar,Myanmar,Nay Pyi Taw,AS,BUR,Developing,95,E1,MYA,BM,171,1327865,true,MYA,MYA,,,,my,true,br,142,Asia,,35,South-eastern Asia,.mm,BM,Yes
Namibia,NA,NAM,516,"NAD,ZAR",NAMIBIA,"2,2","Namibia Dollar,Rand",516710,516,the Republic of Namibia,Namibia,Namibia,Windhoek,AF,NAM,Developing,264,T6,NAM,WA,172,3355338,true,NAM,NMB,18,Southern Africa,,"en-NA,af,de,hz,naq",,sx,2,Africa,,202,Sub-Saharan Africa,.na,NM,Yes
Nauru,NR,NRU,520,AUD,NAURU,2,Australian Dollar,36,520,the Republic of Nauru,Nauru,Nauru,Yaren,OC,NAU,Developing,674,P5,NRU,NR,173,2110425,true,NRU,NRU,,,,"na,en-NR",,nu,9,Oceania,true,57,Micronesia,.nr,NW,Yes
Nepal,NP,NPL,524,NPR,NEPAL,2,Nepalese Rupee,524,524,the Federal Democratic Republic of Nepal,Nepal,Nepal,Kathmandu,AS,NEP,Developing,977,P6,NEP,NP,175,1282988,true,NEP,NPL,,,true,"ne,en",true,np,142,Asia,,34,Southern Asia,.np,NP,Yes
Netherlands,NL,NLD,528,EUR,NETHERLANDS,2,Euro,978,528,the Kingdom of the Netherlands,Netherlands (the),Netherlands,Amsterdam,EU,NL,Developed,31,P7,NED,NL,177,2750405,true,NED,HOL,,,,"nl-NL,fy-NL",,ne,150,Europe,,155,Western Europe,.nl,NL,Yes
New Caledonia,NC,NCL,540,XPF,NEW CALEDONIA,0,CFP Franc,953,540,,,New Caledonia,Noumea,OC,F,Developing,687,1W,NCL,NC,178,2139685,true,NCD,NCL,,,,fr-NC,,nl,9,Oceania,true,54,Melanesia,.nc,NC,Territory of FR
New Zealand,NZ,NZL,554,NZD,NEW ZEALAND,2,New Zealand Dollar,554,554,New Zealand,New Zealand,New Zealand,Wellington,OC,NZ,Developed,64,Q2,NZL,NZ,179,2186224,true,NZL,NZL,,,,"en-NZ,mi",,nz,9,Oceania,,53,Australia and New Zealand,.nz,NZ,Yes
Nicaragua,NI,NIC,558,NIO,NICARAGUA,2,Cordoba Oro,558,558,the Republic of Nicaragua,Nicaragua,Nicaragua,Managua,NA,NIC,Developing,505,Q3,NCA,NU,180,3617476,true,NCA,NCG,13,Central America,,"es-NI,en",,nq,19,Americas,,419,Latin America and the Caribbean,.ni,NK,Yes
Niger,NE,NER,562,XOF,NIGER,0,CFA Franc BCEAO,952,562,the Republic of the Niger,Niger (the),Niger,Niamey,AF,RN,Developing,227,Q4,NIG,NG,181,2440476,true,NIG,NGR,11,Western Africa,true,"fr-NE,ha,kr,dje",true,ng,2,Africa,,202,Sub-Saharan Africa,.ne,NR,Yes
Nigeria,NG,NGA,566,NGN,NIGERIA,2,Naira,566,566,the Federal Republic of Nigeria,Nigeria,Nigeria,Abuja,AF,WAN,Developing,234,Q5,NGA,NI,182,2328926,true,NGR,NIG,11,Western Africa,,"en-NG,ha,yo,ig,ff",,nr,2,Africa,,202,Sub-Saharan Africa,.ng,NI,Yes
Niue,NU,NIU,570,NZD,NIUE,2,New Zealand Dollar,554,570,Niue,Niue    **,Niue,Alofi,OC,NZ,Developing,683,Q6,NIU,NE,183,4036232,true,NIU,NIU,,,,"niu,en-NU",,xh,9,Oceania,true,61,Polynesia,.nu,,Associated with NZ
Norfolk Island,NF,NFK,574,AUD,NORFOLK ISLAND,2,Australian Dollar,36,574,,,Norfolk Island,Kingston,OC,AUS,Developed,672,Q7,NFK,NF,184,2155115,true,NFI,NFK,,,,en-NF,,nx,9,Oceania,,53,Australia and New Zealand,.nf,NF,Territory of AU
Northern Mariana Islands,MP,MNP,580,USD,NORTHERN MARIANA ISLANDS,2,US Dollar,840,580,,,Northern Mariana Islands,Saipan,OC,USA,Developing,1-670,1V,NMI,CQ,185,4041468,true,NMA,MRA,,,,"fil,tl,zh,ch-MP,en-MP",,nw,9,Oceania,true,57,Micronesia,.mp,MY,Commonwealth of US
Norway,NO,NOR,578,NOK,NORWAY,2,Norwegian Krone,578,578,the Kingdom of Norway,Norway,Norway,Oslo,EU,N,Developed,47,Q8,NOR,NO,186,3144096,true,NOR,NOR,,,,"no,nb,nn,se,fi",,no,150,Europe,,154,Northern Europe,.no,NO,Yes
Oman,OM,OMN,512,OMR,OMAN,3,Rial Omani,512,512,the Sultanate of Oman,Oman,Oman,Muscat,AS,,Developing,968,P4,OMA,MU,187,286963,true,OMA,OMA,,,,"ar-OM,en,bal,ur",,mk,142,Asia,,145,Western Asia,.om,OM,Yes
Pakistan,PK,PAK,586,PKR,PAKISTAN,2,Pakistan Rupee,586,586,the Islamic Republic of Pakistan,Pakistan,Pakistan,Islamabad,AS,PK,Developing,92,R0,PAK,PK,188,1168579,true,PAK,PAK,,,,"ur-PK,en-PK,pa,sd,ps,brh",,pk,142,Asia,,34,Southern Asia,.pk,PK,Yes
Palau,PW,PLW,585,USD,PALAU,2,US Dollar,840,585,the Republic of Palau,Palau,Palau,Melekeok,OC,,Developing,680,1Y,PLW,PS,189,1559582,true,PLW,PLW,,,,"pau,sov,en-PW,tox,ja,fil,zh",,pw,9,Oceania,true,57,Micronesia,.pw,,Yes
Panama,PA,PAN,591,"PAB,USD",PANAMA,"2,2","Balboa,US Dollar",590840,591,the Republic of Panama,Panama,Panama,Panama City,NA,PA,Developing,507,R1,PAN,PM,191,3703430,true,PAN,PNR,13,Central America,,"es-PA,en",,pn,19,Americas,,419,Latin America and the Caribbean,.pa,PM,Yes
Papua New Guinea,PG,PNG,598,PGK,PAPUA NEW GUINEA,2,Kina,598,598,Independent State of Papua New Guinea,Papua New Guinea,Papua New Guinea,Port Moresby,OC,PNG,Developing,675,R2,PNG,PP,192,2088628,true,PNG,PNG,,,,"en-PG,ho,meu,tpi",,pp,9,Oceania,true,54,Melanesia,.pg,NG,Yes
Paraguay,PY,PRY,600,PYG,PARAGUAY,0,Guarani,600,600,the Republic of Paraguay,Paraguay,Paraguay,Asuncion,SA,PY,Developing,595,R4,PAR,PA,194,3437598,true,PAR,PRG,5,South America,true,"es-PY,gn",,py,19,Americas,,419,Latin America and the Caribbean,.py,PY,Yes
Peru,PE,PER,604,PEN,PERU,2,Sol,604,604,the Republic of Peru,Peru,Peru,Lima,SA,PE,Developing,51,R5,PER,PE,195,3932488,true,PER,PRU,5,South America,,"es-PE,qu,ay",,pe,19,Americas,,419,Latin America and the Caribbean,.pe,PR,Yes
Philippines,PH,PHL,608,PHP,PHILIPPINES,2,Philippine Piso,608,608,the Republic of the Philippines,Philippines (the),Philippines,Manila,AS,RP,Developing,63,R6,PHI,RP,196,1694008,true,PHI,PHL,,,,"tl,en-PH,fil",,ph,142,Asia,,35,South-eastern Asia,.ph,PH,Yes
Pitcairn,PN,PCN,612,NZD,PITCAIRN,2,New Zealand Dollar,554,612,,,Pitcairn Islands,Adamstown,OC,,Developing,870,R8,PCN,PC,197,4030699,true,,PTC,,,,en-PN,,pc,9,Oceania,,61,Polynesia,.pn,PT,Territory of GB
Poland,PL,POL,616,PLN,POLAND,2,Zloty,985,616,the Republic of Poland,Poland,Poland,Warsaw,EU,PL,Developed,48,R9,POL,PL,198,798544,true,POL,POL,,,,pl,,pl,150,Europe,,151,Eastern Europe,.pl,PL,Yes
Portugal,PT,PRT,620,EUR,PORTUGAL,2,Euro,978,620,the Portuguese Republic,Portugal,Portugal,Lisbon,EU,P,Developed,351,S1,POR,PO,199,2264397,true,POR,POR,,,,"pt-PT,mwl",,po,150,Europe,,39,Southern Europe,.pt,PO,Yes
Puerto Rico,PR,PRI,630,USD,PUERTO RICO,2,US Dollar,840,630,,,Puerto Rico,San Juan,NA,USA,Developing,1,PR,PUR,RQ,200,4566966,true,PUR,PTR,29,Caribbean,,"en-PR,es-PR",,pr,19,Americas,true,419,Latin America and the Caribbean,.pr,PU,Commonwealth of US
Qatar,QA,QAT,634,QAR,QATAR,2,Qatari Rial,634,634,the State of Qatar,Qatar,Qatar,Doha,AS,Q,Developing,974,S3,QAT,QA,201,289688,true,QAT,QAT,,,,"ar-QA,es",,qa,142,Asia,,145,Western Asia,.qa,QT,Yes
Republic of Korea,KR,KOR,410,KRW,KOREA (THE REPUBLIC OF),0,Won,410,410,the Republic of Korea,Republic of Korea (the),South Korea,Seoul,AS,ROK,Developing,82,,KOR,KS,202,1835841,true,KOR,KOR,,,,"ko-KR,en",,ko,142,Asia,,30,Eastern Asia,.kr,KO,Yes
Republic of Moldova,MD,MDA,498,MDL,MOLDOVA (THE REPUBLIC OF),2,Moldovan Leu,498,498,the Republic of Moldova,Republic of Moldova (the),Moldova,Chisinau,EU,MD,Developed,373,,MDA,MD,165,617790,true,MDA,MDA,,,true,"ro,ru,gag,tr",,mv,150,Europe,,151,Eastern Europe,.md,RM,Yes
Romania,RO,ROU,642,RON,ROMANIA,2,Romanian Leu,946,642,Romania,Romania,Romania,Bucharest,EU,RO,Developed,40,S5,ROU,RO,203,798549,true,ROU,ROU,,,,"ro,hu,rom",,rm,150,Europe,,151,Eastern Europe,.ro,RO,Yes
Russian Federation,RU,RUS,643,RUB,RUSSIAN FEDERATION,2,Russian Ruble,643,643,the Russian Federation,Russian Federation (the),Russia,Moscow,EU,RUS,Developed,7,1Z,RUS,RS,204,2017370,true,RUS,RUS,,,,"ru,tt,xal,cau,ady,kv,ce,tyv,cv,udm,tut,mns,bua,myv,mdf,chm,ba,inh,tut,kbd,krc,av,sah,nog",,ru,150,Europe,,151,Eastern Europe,.ru,RS,Yes
Rwanda,RW,RWA,646,RWF,RWANDA,0,Rwanda Franc,646,646,the Republic of Rwanda,Rwanda,Rwanda,Kigali,AF,RWA,Developing,250,S6,RWA,RW,205,49518,true,RWA,RRW,14,Eastern Africa,true,"rw,en-RW,fr-RW,sw",true,rw,2,Africa,,202,Sub-Saharan Africa,.rw,RW,Yes
Réunion,RE,REU,638,EUR,RÉUNION,2,Euro,978,638,,,Réunion,Saint-Denis,AF,F,Developing,262,,REU,RE,206,935317,true,REU,REU,14,Eastern Africa,,fr-RE,,re,2,Africa,,202,Sub-Saharan Africa,.re,RE,Part of FR
Saint Barthélemy,BL,BLM,652,EUR,SAINT BARTHÉLEMY,2,Euro,978,652,,,St. Barthélemy,Gustavia,NA,,Developing,590,,,TB,,3578476,true,,,29,Caribbean,,fr,,sc,19,Americas,,419,Latin America and the Caribbean,.gp,,Part of FR
Saint Helena,SH,SHN,654,SHP,"SAINT HELENA, ASCENSION AND TRISTAN DA CUNHA",2,Saint Helena Pound,654,654,,,St. Helena,Jamestown,AF,SH,Developing,290,,SHN,SH,207,3370751,true,HEL,SHN,11,Western Africa,,en-SH,,xj,2,Africa,,202,Sub-Saharan Africa,.sh,HE,Territory of GB
Saint Kitts and Nevis,KN,KNA,659,XCD,SAINT KITTS AND NEVIS,2,East Caribbean Dollar,951,659,Saint Kitts and Nevis,Saint Kitts and Nevis,St. Kitts & Nevis,Basseterre,NA,KN,Developing,1-869,U7,SKN,SC,208,3575174,true,SKN,KNA,29,Caribbean,,en-KN,,xd,19,Americas,true,419,Latin America and the Caribbean,.kn,AT,Yes
Saint Lucia,LC,LCA,662,XCD,SAINT LUCIA,2,East Caribbean Dollar,951,662,Saint Lucia,Saint Lucia,St. Lucia,Castries,NA,WL,Developing,1-758,U9,LCA,ST,209,3576468,true,LCA,LCA,29,Caribbean,,en-LC,,xk,19,Americas,true,419,Latin America and the Caribbean,.lc,LC,Yes
Saint Martin (French Part),MF,MAF,663,EUR,SAINT MARTIN (FRENCH PART),2,Euro,978,663,,,St. Martin,Marigot,NA,,Developing,590,,,RN,,3578421,true,,,29,Caribbean,,fr,,st,19,Americas,,419,Latin America and the Caribbean,.gp,,Part of FR
Saint Pierre and Miquelon,PM,SPM,666,EUR,SAINT PIERRE AND MIQUELON,2,Euro,978,666,,,St. Pierre & Miquelon,Saint-Pierre,NA,F,Developed,508,V0,SPM,SB,210,3424932,true,SPM,SPM,,,,fr-PM,,xl,19,Americas,,21,Northern America,.pm,FP,Part of FR
Saint Vincent and the Grenadines,VC,VCT,670,XCD,SAINT VINCENT AND THE GRENADINES,2,East Caribbean Dollar,951,670,Saint Vincent and the Grenadines,Saint Vincent and the Grenadines,St. Vincent & Grenadines,Kingstown,NA,WV,Developing,1-784,V1,VIN,VC,211,3577815,true,VIN,VCT,29,Caribbean,,"en-VC,fr",,xm,19,Americas,true,419,Latin America and the Caribbean,.vc,VG,Yes
Samoa,WS,WSM,882,WST,SAMOA,2,Tala,882,882,the Independent State of Samoa,Samoa,Samoa,Apia,OC,WS,Developing,685,Y0,SAM,WS,212,4034894,true,SAM,SMO,,,,"sm,en-WS",,ws,9,Oceania,true,61,Polynesia,.ws,ZM,Yes
San Marino,SM,SMR,674,EUR,SAN MARINO,2,Euro,978,674,the Republic of San Marino,San Marino,San Marino,San Marino,EU,RSM,Developed,378,S8,SMR,SM,213,3168068,true,SMR,SMR,,,,it-SM,,sm,150,Europe,,39,Southern Europe,.sm,,Yes
Sao Tome and Principe,ST,STP,678,STD,SAO TOME AND PRINCIPE,2,Dobra,678,678,the Democratic Republic of Sao Tome and Principe,Sao Tome and Principe,São Tomé & Príncipe,Sao Tome,AF,ST,Developing,239,S9,STP,TP,214,2410758,true,STP,STP,17,Middle Africa,,pt-ST,true,sf,2,Africa,true,202,Sub-Saharan Africa,.st,TP,Yes
Sark,,,,,,,,,680,,,,,,,Developed,,,,,,,true,,,830,Channel Islands,,,,,150,Europe,,154,Northern Europe,,,
Saudi Arabia,SA,SAU,682,SAR,SAUDI ARABIA,2,Saudi Riyal,682,682,the Kingdom of Saudi Arabia,Saudi Arabia,Saudi Arabia,Riyadh,AS,SA,Developing,966,T0,KSA,SA,215,102358,true,KSA,ARS,,,,ar-SA,,su,142,Asia,,145,Western Asia,.sa,SD,Yes
Senegal,SN,SEN,686,XOF,SENEGAL,0,CFA Franc BCEAO,952,686,the Republic of Senegal,Senegal,Senegal,Dakar,AF,SN,Developing,221,T1,SEN,SG,217,2245662,true,SEN,SEN,11,Western Africa,,"fr-SN,wo,fuc,mnk",true,sg,2,Africa,,202,Sub-Saharan Africa,.sn,SG,Yes
Serbia,RS,SRB,688,RSD,SERBIA,2,Serbian Dinar,941,688,the Republic of Serbia,Serbia,Serbia,Belgrade,EU,SRB,Developed,381,Z2,SRB,"RI,KV",2648,6290252,true,SRB,SRB,,,,"sr,hu,bs,rom",,rb,150,Europe,,39,Southern Europe,.rs,YG,Yes
Seychelles,SC,SYC,690,SCR,SEYCHELLES,2,Seychelles Rupee,690,690,the Republic of Seychelles,Seychelles,Seychelles,Victoria,AF,SY,Developing,248,T2,SEY,SE,220,241170,true,SEY,SEY,14,Eastern Africa,,"en-SC,fr-SC",,se,2,Africa,true,202,Sub-Saharan Africa,.sc,SC,Yes
Sierra Leone,SL,SLE,694,SLL,SIERRA LEONE,2,Leone,694,694,the Republic of Sierra Leone,Sierra Leone,Sierra Leone,Freetown,AF,WAL,Developing,232,T8,SLE,SL,221,2403846,true,SLE,SRL,11,Western Africa,,"en-SL,men,tem",true,sl,2,Africa,,202,Sub-Saharan Africa,.sl,SL,Yes
Singapore,SG,SGP,702,SGD,SINGAPORE,2,Singapore Dollar,702,702,the Republic of Singapore,Singapore,Singapore,Singapore,AS,SGP,Developing,65,U0,SIN,SN,222,1880251,true,SIN,SNG,,,,"cmn,en-SG,ms-SG,ta-SG,zh-SG",,si,142,Asia,true,35,South-eastern Asia,.sg,SR,Yes
Sint Maarten (Dutch part),SX,SXM,534,ANG,SINT MAARTEN (DUTCH PART),2,Netherlands Antillean Guilder,532,534,,,Sint Maarten,Philipsburg,NA,,Developing,1-721,,,NN,,7609695,true,,,29,Caribbean,,"nl,en",,sn,19,Americas,true,419,Latin America and the Caribbean,.sx,,Part of NL
Slovakia,SK,SVK,703,EUR,SLOVAKIA,2,Euro,978,703,the Slovak Republic,Slovakia,Slovakia,Bratislava,EU,SK,Developed,421,2B,SVK,LO,223,3057568,true,SVK,SVK,,,,"sk,hu",,xo,150,Europe,,151,Eastern Europe,.sk,SQ,Yes
Slovenia,SI,SVN,705,EUR,SLOVENIA,2,Euro,978,705,the Republic of Slovenia,Slovenia,Slovenia,Ljubljana,EU,SLO,Developed,386,2A,SVN,SI,224,3190538,true,SLO,SVN,,,,"sl,sh",,xv,150,Europe,,39,Southern Europe,.si,LJ,Yes
Solomon Islands,SB,SLB,90,SBD,SOLOMON ISLANDS,2,Solomon Islands Dollar,90,90,Solomon Islands,Solomon Islands,Solomon Islands,Honiara,OC,SB,Developing,677,D7,SOL,BP,225,2103350,true,SOL,SLM,,,,"en-SB,tpi",true,bp,9,Oceania,true,54,Melanesia,.sb,SO,Yes
Somalia,SO,SOM,706,SOS,SOMALIA,2,Somali Shilling,706,706,the Federal Republic of Somalia,Somalia,Somalia,Mogadishu,AF,SO,Developing,252,U1,SOM,SO,226,51537,true,SOM,SOM,14,Eastern Africa,,"so-SO,ar-SO,it,en-SO",true,so,2,Africa,,202,Sub-Saharan Africa,.so,SI,Yes
South Africa,ZA,ZAF,710,ZAR,SOUTH AFRICA,2,Rand,710,710,the Republic of South Africa,South Africa,South Africa,Pretoria,AF,ZA,Developing,27,T3,RSA,SF,227,953987,true,RSA,AFS,18,Southern Africa,,"zu,xh,af,nso,en-ZA,tn,st,ts,ss,ve,nr",,sa,2,Africa,,202,Sub-Saharan Africa,.za,ZA,Yes
South Georgia and the South Sandwich Islands,GS,SGS,239,,SOUTH GEORGIA AND THE SOUTH SANDWICH ISLANDS,,No universal currency,,239,,,South Georgia & South Sandwich Islands,Grytviken,AN,,Developing,500,1L,,SX,228,3474415,true,,,5,South America,,en,,xs,19,Americas,,419,Latin America and the Caribbean,.gs,,Territory of GB
South Sudan,SS,SSD,728,SSP,SOUTH SUDAN,2,South Sudanese Pound,728,728,the Republic of South Sudan,South Sudan,South Sudan,Juba,AF,,Developing,211,,,OD,,7909807,true,,SSD,14,Eastern Africa,true,en,true,sd,2,Africa,,202,Sub-Saharan Africa,,,Yes
Spain,ES,ESP,724,EUR,SPAIN,2,Euro,978,724,the Kingdom of Spain,Spain,Spain,Madrid,EU,E,Developed,34,U3,ESP,SP,229,2510769,true,ESP,E,,,,"es-ES,ca,gl,eu,oc",,sp,150,Europe,,39,Southern Europe,.es,SP,Yes
Sri Lanka,LK,LKA,144,LKR,SRI LANKA,2,Sri Lanka Rupee,144,144,the Democratic Socialist Republic of Sri Lanka,Sri Lanka,Sri Lanka,Colombo,AS,CL,Developing,94,F1,SRI,CE,231,1227603,true,SRI,CLN,,,,"si,ta,en",,ce,142,Asia,,34,Southern Asia,.lk,SB,Yes
State of Palestine,PS,PSE,275,,"PALESTINE, STATE OF",,No universal currency,,275,State of Palestine,State of Palestine  *,Palestine,East Jerusalem,AS,,Developing,970,,PLE,"GZ,WE",91267,6254930,true,PLE,,,,,ar-PS,,"gz,wj",142,Asia,,145,Western Asia,.ps,,In contention
Sudan,SD,SDN,729,SDG,SUDAN,2,Sudanese Pound,938,729,the Republic of the Sudan,Sudan (the),Sudan,Khartoum,AF,SUD,Developing,249,V2,SUD,SU,40764,366755,true,SUD,SDN,,,,"ar-SD,en,fia",true,sj,2,Africa,,15,Northern Africa,.sd,SU,Yes
Suriname,SR,SUR,740,SRD,SURINAME,2,Surinam Dollar,968,740,the Republic of Suriname,Suriname,Suriname,Paramaribo,SA,SME,Developing,597,V3,SUR,NS,233,3382998,true,SUR,SUR,5,South America,,"nl-SR,en,srn,hns,jv",,sr,19,Americas,true,419,Latin America and the Caribbean,.sr,SM,Yes
Svalbard and Jan Mayen Islands,SJ,SJM,744,NOK,SVALBARD AND JAN MAYEN,2,Norwegian Krone,578,744,,,Svalbard & Jan Mayen,Longyearbyen,EU,,Developed,47,L9,,"SV,JN",234,607072,true,,NOR,,,,"no,ru",,,150,Europe,,154,Northern Europe,.sj,SZ,Territory of NO
Swaziland,SZ,SWZ,748,SZL,SWAZILAND,2,Lilangeni,748,748,the Kingdom of Swaziland,Swaziland,Swaziland,Mbabane,AF,SD,Developing,268,V6,SWZ,WZ,235,934841,true,SWZ,SWZ,18,Southern Africa,true,"en-SZ,ss-SZ",,sq,2,Africa,,202,Sub-Saharan Africa,.sz,SV,Yes
Sweden,SE,SWE,752,SEK,SWEDEN,2,Swedish Krona,752,752,the Kingdom of Sweden,Sweden,Sweden,Stockholm,EU,S,Developed,46,V7,SWE,SW,236,2661886,true,SWE,S,,,,"sv-SE,se,sma,fi-SE",,sw,150,Europe,,154,Northern Europe,.se,SN,Yes
Switzerland,CH,CHE,756,CHF,SWITZERLAND,2,Swiss Franc,756,756,the Swiss Confederation,Switzerland,Switzerland,Bern,EU,CH,Developed,41,V8,SUI,SZ,237,2658434,true,SUI,SUI,,,,"de-CH,fr-CH,it-CH,rm",,sz,150,Europe,,155,Western Europe,.ch,SW,Yes
Syrian Arab Republic,SY,SYR,760,SYP,SYRIAN ARAB REPUBLIC,2,Syrian Pound,760,760,the Syrian Arab Republic,Syrian Arab Republic,Syria,Damascus,AS,SYR,Developing,963,V9,SYR,SY,238,163843,true,SYR,SYR,,,,"ar-SY,ku,hy,arc,fr,en",,sy,142,Asia,,145,Western Asia,.sy,SY,Yes
Tajikistan,TJ,TJK,762,TJS,TAJIKISTAN,2,Somoni,972,762,the Republic of Tajikistan,Tajikistan,Tajikistan,Dushanbe,AS,TJ,Developing,992,2D,TJK,TI,239,1220409,true,TJK,TJK,,,true,"tg,ru",,ta,142,Asia,,143,Central Asia,.tj,TA,Yes
Thailand,TH,THA,764,THB,THAILAND,2,Baht,764,764,the Kingdom of Thailand,Thailand,Thailand,Bangkok,AS,T,Developing,66,W1,THA,TH,240,1605651,true,THA,THA,,,,"th,en",,th,142,Asia,,35,South-eastern Asia,.th,TH,Yes
The former Yugoslav Republic of Macedonia,MK,MKD,807,MKD,MACEDONIA (THE FORMER YUGOSLAV REPUBLIC OF),2,Denar,807,807,the former Yugoslav Republic of Macedonia,the former Yugoslav Republic of Macedonia,Macedonia,Skopje,EU,MK,Developed,389,,MKD,MK,241,718075,true,MKD,MKD,,,true,"mk,sq,tr,rmm,sr",,xn,150,Europe,,39,Southern Europe,.mk,MJ,Yes
Timor-Leste,TL,TLS,626,USD,TIMOR-LESTE,2,US Dollar,840,626,the Democratic Republic of Timor-Leste,Timor-Leste,Timor-Leste,Dili,OC,RI,Developing,670,Z3,TLS,TT,242,1966436,true,TLS,TLS,,,,"tet,pt-TL,id,en",true,em,142,Asia,true,35,South-eastern Asia,.tl,TM,Yes
Togo,TG,TGO,768,XOF,TOGO,0,CFA Franc BCEAO,952,768,the Togolese Republic,Togo,Togo,Lome,AF,TG,Developing,228,W2,TOG,TO,243,2363686,true,TOG,TGO,11,Western Africa,,"fr-TG,ee,hna,kbp,dag,ha",true,tg,2,Africa,,202,Sub-Saharan Africa,.tg,TG,Yes
Tokelau,TK,TKL,772,NZD,TOKELAU,2,New Zealand Dollar,554,772,,,Tokelau,,OC,NZ,Developing,690,W3,TKL,TL,244,4031074,true,,TKL,,,,"tkl,en-TK",,tl,9,Oceania,,61,Polynesia,.tk,TK,Territory of NZ
Tonga,TO,TON,776,TOP,TONGA,2,Pa’anga,776,776,the Kingdom of Tonga,Tonga,Tonga,Nuku'alofa,OC,TO,Developing,676,W4,TGA,TN,245,4032283,true,TGA,TON,,,,"to,en-TO",,to,9,Oceania,true,61,Polynesia,.to,TO,Yes
Trinidad and Tobago,TT,TTO,780,TTD,TRINIDAD AND TOBAGO,2,Trinidad and Tobago Dollar,780,780,the Republic of Trinidad and Tobago,Trinidad and Tobago,Trinidad & Tobago,Port of Spain,NA,TT,Developing,1-868,W5,TRI,TD,246,3573591,true,TTO,TRD,29,Caribbean,,"en-TT,hns,fr,es,zh",,tr,19,Americas,true,419,Latin America and the Caribbean,.tt,TD,Yes
Tunisia,TN,TUN,788,TND,TUNISIA,3,Tunisian Dinar,788,788,the Republic of Tunisia,Tunisia,Tunisia,Tunis,AF,TN,Developing,216,W6,TUN,TS,248,2464461,true,TUN,TUN,,,,"ar-TN,fr",,ti,2,Africa,,15,Northern Africa,.tn,TS,Yes
Turkey,TR,TUR,792,TRY,TURKEY,2,Turkish Lira,949,792,the Republic of Turkey,Turkey,Turkey,Ankara,AS,TR,Developing,90,W8,TUR,TU,249,298795,true,TUR,TUR,,,,"tr-TR,ku,diq,az,av",,tu,142,Asia,,145,Western Asia,.tr,TU,Yes
Turkmenistan,TM,TKM,795,TMT,TURKMENISTAN,2,Turkmenistan New Manat,934,795,Turkmenistan,Turkmenistan,Turkmenistan,Ashgabat,AS,TM,Developing,993,2E,TKM,TX,250,1218197,true,TKM,TKM,,,true,"tk,ru,uz",,tk,142,Asia,,143,Central Asia,.tm,TR,Yes
Turks and Caicos Islands,TC,TCA,796,USD,TURKS AND CAICOS ISLANDS,2,US Dollar,840,796,,,Turks & Caicos Islands,Cockburn Town,NA,,Developing,1-649,W7,TCA,TK,251,3576916,true,TKS,TCA,29,Caribbean,,en-TC,,tc,19,Americas,,419,Latin America and the Caribbean,.tc,TI,Territory of GB
Tuvalu,TV,TUV,798,AUD,TUVALU,2,Australian Dollar,36,798,Tuvalu,Tuvalu,Tuvalu,Funafuti,OC,TV,Developing,688,2G,TUV,TV,252,2110297,true,TUV,TUV,,,,"tvl,en,sm,gil",true,tv,9,Oceania,true,61,Polynesia,.tv,TV,Yes
Uganda,UG,UGA,800,UGX,UGANDA,0,Uganda Shilling,800,800,the Republic of Uganda,Uganda,Uganda,Kampala,AF,EAU,Developing,256,W9,UGA,UG,253,226074,true,UGA,UGA,14,Eastern Africa,true,"en-UG,lg,sw,ar",true,ug,2,Africa,,202,Sub-Saharan Africa,.ug,UG,Yes
Ukraine,UA,UKR,804,UAH,UKRAINE,2,Hryvnia,980,804,Ukraine,Ukraine,Ukraine,Kiev,EU,UA,Developed,380,2H,UKR,UP,254,690791,true,UKR,UKR,,,,"uk,ru-UA,rom,pl,hu",,un,150,Europe,,151,Eastern Europe,.ua,UR,Yes
United Arab Emirates,AE,ARE,784,AED,UNITED ARAB EMIRATES,2,UAE Dirham,784,784,the United Arab Emirates,United Arab Emirates (the),United Arab Emirates,Abu Dhabi,AS,,Developing,971,C0,UAE,AE,255,290557,true,UAE,UAE,,,,"ar-AE,fa,en,hi,ur",,ts,142,Asia,,145,Western Asia,.ae,ER,Yes
United Kingdom of Great Britain and Northern Ireland,GB,GBR,826,GBP,UNITED KINGDOM OF GREAT BRITAIN AND NORTHERN IRELAND,2,Pound Sterling,826,826,the United Kingdom of Great Britain and Northern Ireland,United Kingdom of Great Britain and Northern Ireland (the),UK,London,EU,GB,Developed,44,,"ENG,NIR,SCO,WAL",UK,256,2635167,true,GBR,G,,,,"en-GB,cy-GB,gd",,xxk,150,Europe,,154,Northern Europe,.uk,UK,Yes
United Republic of Tanzania,TZ,TZA,834,TZS,"TANZANIA, UNITED REPUBLIC OF",2,Tanzanian Shilling,834,834,the United Republic of Tanzania,United Republic of Tanzania (the),Tanzania,Dodoma,AF,EAT,Developing,255,W0,TAN,TZ,257,149590,true,TAN,TZA,14,Eastern Africa,,"sw-TZ,en,ar",true,tz,2,Africa,,202,Sub-Saharan Africa,.tz,TN,Yes
United States Minor Outlying Islands,UM,UMI,581,USD,UNITED STATES MINOR OUTLYING ISLANDS,2,US Dollar,840,581,,,U.S. Outlying Islands,,OC,USA,Developing,,2J,,"FQ,HQ,DQ,JQ,KQ,MQ,BQ,LQ,WQ",,5854968,true,,,,,,en-UM,,"ji,xf,wk,uc,up",9,Oceania,,57,Micronesia,.um,,Territories of US
United States Virgin Islands,VI,VIR,850,USD,VIRGIN ISLANDS (U.S.),2,US Dollar,840,850,,,U.S. Virgin Islands,Charlotte Amalie,NA,USA,Developing,1-340,,VIR,VQ,258,4796775,true,ISV,VIR,29,Caribbean,,en-VI,,vi,19,Americas,true,419,Latin America and the Caribbean,.vi,VI,Territory of US
United States of America,US,USA,840,USD,UNITED STATES OF AMERICA,2,US Dollar,840,840,the United States of America,United States of America (the),US,Washington,NA,USA,Developed,1,,USA,US,259,6252001,true,USA,USA,,,,"en-US,es-US,haw,fr",,xxu,19,Americas,,21,Northern America,.us,US,Yes
Uruguay,UY,URY,858,UYU,URUGUAY,2,Peso Uruguayo,858,858,the Eastern Republic of Uruguay,Uruguay,Uruguay,Montevideo,SA,ROU,Developing,598,X3,URU,UY,260,3439705,true,URU,URG,5,South America,,es-UY,,uy,19,Americas,,419,Latin America and the Caribbean,.uy,UY,Yes
Uzbekistan,UZ,UZB,860,UZS,UZBEKISTAN,2,Uzbekistan Sum,860,860,the Republic of Uzbekistan,Uzbekistan,Uzbekistan,Tashkent,AS,UZ,Developing,998,2K,UZB,UZ,261,1512440,true,UZB,UZB,,,true,"uz,ru,tg",,uz,142,Asia,,143,Central Asia,.uz,UZ,Yes
Vanuatu,VU,VUT,548,VUV,VANUATU,0,Vatu,548,548,the Republic of Vanuatu,Vanuatu,Vanuatu,Port Vila,OC,VU,Developing,678,2L,VAN,NH,262,2134431,true,VAN,VUT,,,,"bi,en-VU,fr-VU",true,nn,9,Oceania,true,54,Melanesia,.vu,NV,Yes
Venezuela (Bolivarian Republic of),VE,VEN,862,VEF,VENEZUELA (BOLIVARIAN REPUBLIC OF),2,Bolívar,937,862,the Bolivarian Republic of Venezuela,Venezuela (Bolivarian Republic of),Venezuela,Caracas,SA,YV,Developing,58,,VEN,VE,263,3625428,true,VEN,VEN,5,South America,,es-VE,,ve,19,Americas,,419,Latin America and the Caribbean,.ve,VN,Yes
Viet Nam,VN,VNM,704,VND,VIET NAM,0,Dong,704,704,the Socialist Republic of Viet Nam,Viet Nam,Vietnam,Hanoi,AS,VN,Developing,84,Q1,VIE,VM,264,1562822,true,VIE,VTN,,,,"vi,en,fr,zh,km",,vm,142,Asia,,35,South-eastern Asia,.vn,VS,Yes
Wallis and Futuna Islands,WF,WLF,876,XPF,WALLIS AND FUTUNA,0,CFP Franc,953,876,,,Wallis & Futuna,Mata Utu,OC,F,Developing,681,X8,WLF,WF,266,4034749,true,WAF,WAL,,,,"wls,fud,fr-WF",,wf,9,Oceania,,61,Polynesia,.wf,FW,Territory of FR
Western Sahara,EH,ESH,732,MAD,WESTERN SAHARA,2,Moroccan Dirham,504,732,,,Western Sahara,El-Aaiun,AF,,Developing,212,U5,SAH,WI,268,2461445,true,,AOE,,,,"ar,mey",,ss,2,Africa,,15,Northern Africa,.eh,,In contention
Yemen,YE,YEM,887,YER,YEMEN,2,Yemeni Rial,886,887,the Republic of Yemen,Yemen,Yemen,Sanaa,AS,YAR,Developing,967,T7,YEM,YM,269,69543,true,YEM,YEM,,,,ar-YE,true,ye,142,Asia,,145,Western Asia,.ye,YE,Yes
Zambia,ZM,ZMB,894,ZMW,ZAMBIA,2,Zambian Kwacha,967,894,the Republic of Zambia,Zambia,Zambia,Lusaka,AF,Z,Developing,260,Y4,ZAM,ZA,270,895949,true,ZAM,ZMB,14,Eastern Africa,true,"en-ZM,bem,loz,lun,lue,ny,toi",true,za,2,Africa,,202,Sub-Saharan Africa,.zm,ZB,Yes
Zimbabwe,ZW,ZWE,716,ZWL,ZIMBABWE,2,Zimbabwe Dollar,932,716,the Republic of Zimbabwe,Zimbabwe,Zimbabwe,Harare,AF,ZW,Developing,263,Y5,ZIM,ZI,271,878675,true,ZIM,ZWE,14,Eastern Africa,true,"en-ZW,sn,nr,nd",,rh,2,Africa,,202,Sub-Saharan Africa,.zw,ZW,Yes
Land Islands,AX,ALA,248,EUR,LAND ISLANDS,2,Euro,978,248,,,land Islands,Mariehamn,EU,FIN,Developed,358,,ALD,,1242,661882,true,,,,,,sv-AX,,,150,Europe,,154,Northern Europe,.ax,,Part of FI
